{
  "project_info": {
    "project_number": "696064260746",
    "firebase_url": "https://gpanoti-6b5d5.firebaseio.com",
    "project_id": "gpanoti-6b5d5",
    "storage_bucket": "gpanoti-6b5d5.appspot.com"
  },
  "client": [
    {
      "client_info": {
        "mobilesdk_app_id": "1:696064260746:android:bd098c6020b703bd",
        "android_client_info": {
          "package_name": "shay.com.gpanoti"
        }
      },
      "oauth_client": [
        {
          "client_id": "696064260746-9um8s5tvf86g4j6gic07pqj1rinrbb3a.apps.googleusercontent.com",
          "client_type": 3
        }
      ],
      "api_key": [
        {
          "current_key": "AIzaSyDz1DUaWznBKhTHZzUqyIngONxrpW8ld8M"
        }
      ],
      "services": {
        "analytics_service": {
          "status": 1
        },
        "appinvite_service": {
          "status": 1,
          "other_platform_oauth_client": []
        },
        "ads_service": {
          "status": 2
        }
      }
    }
  ],
  "configuration_version": "1"
}